Product Name,Product Price,Product Rating,Product Reviews
SSC English 7600 TCS MCQ Chapter Wise With Detailed Exp...,₹499,4.6,"2,038"
Netzwerk Neu B1 Kursbuch +Ubungsbuch + Glossar ( Set Of...,"₹1,240",4.6,14
West Bengal Food SI Book (Bengali Medium) Printed Editi...,₹280,4.1,655
SSC Reasoning 7200 TCS MCQ Chapter Wise 4th Edition Eng...,₹499,4.5,"2,155"
General Practice Guide 3rd Edition,₹499,4.3,"1,136"
7300+ Mathematics English Medium,₹449,4.5,68
Delhi Police Constable 2023: 37 Sets PYQ: TCS PYQ Solve...,₹299,4.3,56
Netzwerk Neu A2 Kursbuch+Ubungsbuch+Glossar,"₹1,245",4.3,27
Student ATLAS Useful For All Competitive Exam,₹190,4.5,"9,872"
SSC General Studies 6500 TCS MCQ Chapter Wise Hindi Med...,₹489,4.4,"2,089"
Netzwerk A2 Textbook + Workbook + Glossar (Audio Downlo...,"₹1,066",4.2,35
NCERT Word To Word NEET Biology Q-Bank 2.0 || 2023 Edit...,₹799,4.4,126
The Reasoning Formula Book,₹110,4.3,"1,926"
SSC Reasoning 7200 TCS MCQ Chapter Wise 4th Edition Hin...,₹489,4.4,"1,928"
SSC Maths 6800 TCS MCQ Chapter Wise I 4th Edition I Eng...,₹499,4.5,"2,464"
Delhi Police Constable 5000 TCS MCQ Chapter Wise With D...,₹365,4.4,348
Kursbuch + Arbeitsbuch +Glossar,"₹1,048",4.3,27
Guide to trading chart patterns  - Trading chart patter...,₹284,4.3,877
SSC General Studies 6500 TCS MCQ Chapter Wise English M...,₹499,4.6,"2,354"
SSC Maths 6800 TCS MCQ Chapter Wise I 4th Edition I Hin...,₹489,4.4,"2,063"
NCERT Word To Word NEET Biology Q-Bank,₹799,4.5,767
"Combo Pack: Lakhmir Singh Class 9 Science (Biology, Phy...","₹1,100",4.1,195
Delhi Police Constable 2023: 37 Sets PYQ: TCS PYQ Solve...,₹310,4.5,300
7300+ Mathematics Hindi Medium,₹449,4.4,229
"B D CHAURASIA'S HUMAN ANATOMY 9th Ed, 4 Volume Set (PB ...","₹2,139",4.6,"3,505"
Delhi Police Constable Computer Knowledge Theory + MCQ ...,₹248,4.6,123
SSC English 7600 TCS MCQ Chapter Wise With Detailed Exp...,₹489,4.5,"1,126"
120 RULES OF GRAMMAR - Based On New Pattern - Nimisha B...,₹287,4.2,263
"Atulneeya Samanya Hindi For SSC GD, IBPS RRB, CTET, DSS...",₹199,4.2,287
General English By Ankit Bhati Sir,₹217,4.6,"19,243"
Ncert Textbook Biology 11th And 12th Book,₹420,4.1,20
English Grammar And Composition,₹308,4,219
Reasoning Book With Piyush Varshney (English Medium),₹495,4.6,"5,248"
My First Picture Library Box Of 10 Board Books (Pre-Sch...,₹399,4.5,"16,459"
SSC General Studies Theory Book English Medium,₹499,4.4,709
Lakshya Odisha State GK Book | A Comprehensive Guide Fo...,₹199,3.9,128
SSC MTS 2023 4800 TCS MCQ Chapter Wise With Detailed Ex...,₹360,4.3,"1,197"
Secondary School Mathematics For Class 10 - 2023 Editio...,₹360,4,960
Sparkle Board Books | Pack Of 5 Books | Super Jumbo Com...,₹289,4.4,724
SSC General Studies Theory Book Hindi Medium,₹495,4.4,489
Netzwerk Neu B1 Kursbuch +Ubungsbuch + Glossar ( Set Of...,"₹1,240",4.6,14
Netzwerk Neu A2 Kursbuch+Ubungsbuch+Glossar,"₹1,245",4.3,27
Bengali Version - How To Avoid Loss And Earn Consistent...,₹399,4.2,839
Delhi Police Constable Computer Knowledge Theory + MCQ ...,₹256,4.5,42
Railway Reasoning 6300 TCS MCQ Chapter Wise Book Englis...,₹470,4.5,68
My First 1000 Words Book : Early Learning Book For Kids...,₹418,4.4,264
Netzwerk A2 Textbook + Workbook + Glossar (Audio Downlo...,"₹1,066",4.2,35
Guide to trading chart patterns  - Trading chart patter...,₹284,4.3,877
Blossom Moral Story Book For Kids 3 Years To 7 Years Ol...,₹214,4.6,37
Lucent's Samanya Gyan And Arihant Samanya Gyan 2023,₹310,4.3,591
Kursbuch + Arbeitsbuch +Glossar,"₹1,048",4.3,27
NCERT Word To Word NEET Biology Q-Bank,₹799,4.5,767
Reasoning/ Quantitative Aptitude/ English/ Banking & St...,"₹1,349",4.5,"1,230"
SSC CGL 2024: 39 TCS Sets Solved Papers Hindi Medium,₹350,4.2,6
YOGDAN - Samanya Adhyan Book 2500+ Bilingual MCQs(Print...,₹189,4.3,322
SSC CGL 2024: 39 TCS Sets Solved Papers English Medium,₹360,N/A,N/A
"Combo Pack: Lakhmir Singh Class 9 Science (Biology, Phy...","₹1,100",4.1,195
SSC General Studies 6500 TCS MCQ Chapter Wise English M...,₹499,4.6,"2,354"
Governance In India Book For UPSC CSE 2023 (1st Edition...,₹274,4.6,61
Pinnacle SSC 60 Days English Vocabulary,₹290,4.4,394
SSC English 7600 TCS MCQ Chapter Wise With Detailed Exp...,₹489,4.5,"1,126"
120 RULES OF GRAMMAR - Based On New Pattern - Nimisha B...,₹287,4.2,263
"GK/GS Book For SSC CGL, GD, CHSL, MTS, Railways, State ...",₹299,4.2,996
SSC CGL Tier 2 Computer Knowledge English Medium Book,₹360,4.3,105
Sawan Present Set Of 5 Board Books | Kids Board Book Se...,₹289,4.4,631
SSC CGL 2024: 3900 TCS MCQ Chapter Wise Exam Conducted ...,₹385,4.9,8
Ncert Textbook Biology 11th And 12th Book,₹420,4.1,20
English Grammar And Composition,₹308,4,219
SSC CGL 2024: 3900 TCS MCQ Chapter Wise Exam Conducted ...,₹395,5,4
Nursery Writing Books For Kids (Combo Of 4 Books Viz. N...,₹285,4.4,"3,567"
Secondary School Mathematics For Class 10 - 2023 Editio...,₹360,4,960
SSC General Studies Theory Book Hindi Medium,₹495,4.4,489
NEET Questions Bank | NEET Previous Years Solved Papers...,₹359,4.1,17
Principles Of Indian Geography (English | 1st Edition) ...,₹399,4.6,"2,963"
Bihar Police Constable Bharti Pariksha 2023 Practice Se...,₹209,4,125
Environment And Ecology Book For UPSC CSE 2023 (1st Edi...,₹413,4.6,89
SSC Maths 6800 TCS MCQ Chapter Wise 3rd Edition Hindi M...,₹319,4.5,"2,025"
Delhi Police Constable Computer Knowledge Theory + MCQ ...,₹248,4.6,123
Ace Reasoning Ability For Banking And Insurance Book 20...,₹339,4.4,"2,218"
General Practice Guide English Edition,₹339,4.1,301
NCERT Word To Word NEET Biology Q-Bank 2.0 || 2023 Edit...,₹799,4.4,126
NCERT Word To Word NEET Biology Q-Bank,₹799,4.5,767
Ssc Cgl Tier 2 TCS Test Series 30 Full-Length Papers Vo...,₹349,4.3,62
YogiRaaj Ke Aajmaae Hue Sidh Sabar Mantra Book (Book Si...,₹210,3.8,14
Reasoning/ Quantitative Aptitude/ English/ Banking & St...,"₹1,349",4.5,"1,230"
SSC CGL 2024: 39 TCS Sets Solved Papers Hindi Medium,₹350,4.2,6
Guide to trading chart patterns  - Trading chart patter...,₹284,4.3,877
SSC English 7600 TCS MCQ Chapter Wise With Detailed Exp...,₹499,4.6,"2,038"
NEET Questions Bank | NEET Previous Years Solved Papers...,₹359,4.1,17
Environment And Ecology Book For UPSC CSE 2023 (1st Edi...,₹413,4.6,89
CSIR-NET Life Science Exam Handwritten Notes Focused St...,"₹3,429",4.3,6
STARBUK My First Learning Board Book Of All-In-One For ...,₹215,4.2,219
"CBSE Class 9 Science Book |NCERT Exemplar, Textual, Int...",₹264,4.3,263
Sawan Present Set Of 5 Story Books | Baby Animals Serie...,₹289,4.5,320
Guide For CMAT Entrance,₹399,4.4,61
SSC CHSL (10+2) 2023 Exam: Chapter-Wise English Medium ...,₹390,4.3,346
SSC GD Constable 70 Practice Sets New Pattern I Hindi M...,₹299,4.4,288
The Secret,₹147,4.1,13
101 Panchatantra Ki Katha |Classice Story Book For Kids...,₹230,4.6,43
32 IBPS RRB PO & Clerk Prelims 2023 Mock Papers Book (H...,₹299,4.1,76
Principles Of Indian Geography (English | 1st Edition) ...,₹399,4.6,"2,963"
Science & Technology UPSC Civil Services Exam | Science...,₹440,4.3,24
Bengali Version- Multibagger Stocks: How To Multiply We...,₹299,4.2,93
SSC CHSL (10+2) 2023: 42 Sets Solved Papers Asked By TC...,₹320,4.2,106
UP Police Constable Reasoning Chapter Wise Book With De...,₹180,3.7,11
50+ Bank PO & Clerk 3.0 | 2017-2022 Previous Years' Mem...,₹639,4.1,343
Set Of 2: Fundamentals Of Geography & Principles Of Ind...,₹709,4.5,923
UPSC CDS – OTA Toppers Notes All Subjects 3 Books (Hind...,"₹1,199",4,26
SSC Reasoning 100 TCS Shifts 4th Edition Hindi Medium,₹230,4.3,73
English Alphabet Phonics Books For Kids And Babies | 2 ...,₹192,4.2,764
Delhi Police Constable Computer Knowledge Theory + MCQ ...,₹248,4.6,123
Shri Ramcharitmanas (Goswami Tulsidasji Krit-Aathon Kan...,₹760,4.7,225
Bihar Police Constable 25 Sets With Detailed Explanatio...,₹240,4.2,22
Fitter Trade Theory (NSQF 4) (Hindi) (2022-23),₹607,4.1,15
Last One Year+ I Current Affairs Book I July 2023 Editi...,₹150,4.5,99
CBSE Class 10 Science Question Bank (For 2024 Board Exa...,₹564,4.4,"1,659"
"Atulneeya Samanya Hindi For SSC GD, IBPS RRB, CTET, DSS...",₹199,4.2,287
General Knowledge Book In Bengali Edition For General C...,₹479,4,"1,042"
5000+ Odia Grammar Chapter Wise MCQs Practice Book (Odi...,₹386,4.2,190
NEERAJ PHYSICS (Bhautik) - XII : NIOS (Open School) Cla...,₹380,3.9,13
SSC English 7600 TCS MCQ Chapter Wise With Detailed Exp...,₹499,4.6,"2,038"
Netzwerk Neu B1 Kursbuch +Ubungsbuch + Glossar ( Set Of...,"₹1,240",4.6,14
Flash Cards For Kids Learning | 64 Non Tearable Cards |...,₹379,4.4,22
"Baby Record Book, It's A Boy | By Sawan",₹289,4.6,838
SSC CGL 2023: 4000 TCS MCQ Chapter Wise With Detailed E...,₹390,4.4,155
ACE Agriculture Vol 1 | A Comprehensive Book For AFO | ...,₹310,4.5,35
Netzwerk Neu A2 Kursbuch+Ubungsbuch+Glossar,"₹1,245",4.3,27
Netzwerk A2 Textbook + Workbook + Glossar (Audio Downlo...,"₹1,066",4.2,35
UP Police Constable General Studies Chapter Wise Englis...,₹180,4.3,6
NEERAJ GEOGRAPHY (Bhugol) HINDI MEDIUM - XII : NIOS (Op...,₹250,4.1,12
Guide to trading chart patterns  - Trading chart patter...,₹284,4.3,877
Kursbuch + Arbeitsbuch +Glossar,"₹1,048",4.3,27
SSC CHSL (10+2) 2023: 42 Sets Solved Papers Asked By TC...,₹330,4.4,146
Preschool Writing Practice Book Set For Preschooler : P...,₹390,4,25
"Baby Record Book, It's A Girl | By Sawan",₹289,4.5,650
Latest Ace Series Books Pack For Banking & Insurance Ex...,₹999,4.3,126
NCERT Word To Word NEET Biology Q-Bank,₹799,4.5,767
"Combo Pack: Lakhmir Singh Class 9 Science (Biology, Phy...","₹1,100",4.1,195
Blossom Moral Story Book For Kids 1 Years To 10 Years O...,₹349,4.5,492
Ssc Cgl Tier 2 TCS Test Series 30 Full-Length Papers Vo...,₹349,4.3,103
SSC General Studies 6500 TCS MCQ Chapter Wise English M...,₹499,4.6,"2,354"
SSC English 7600 TCS MCQ Chapter Wise With Detailed Exp...,₹489,4.5,"1,126"
SSC CGL 2023: 40 TCS Sets Solved Papers Hindi Medium,₹350,4.3,222
SSC CGL 2023: 4000 TCS MCQ Chapter Wise With Detailed E...,₹395,4.5,265
A Comprehensive Guide For OSSSC Panchayat Executive Off...,₹340,4,664
A Complete Book Of Puzzles & Seating Arrangement (Third...,₹369,4.1,173
120 RULES OF GRAMMAR - Based On New Pattern - Nimisha B...,₹287,4.2,263
Ncert Textbook Biology 11th And 12th Book,₹420,4.1,20
Std 10 Board Questions With Solutions | English Medium ...,₹286,4,58
Stock Market Crash Course,₹258,4.2,723
English Grammar And Composition,₹308,4,219
Secondary School Mathematics For Class 10 - 2023 Editio...,₹360,4,960
Nurture Pattern Writing And Stroke Books For Kids | 2 T...,₹214,4.3,"1,085"
Ace Banking And Static Awareness Book (Latest English P...,₹329,4.4,805
Little Mee Junior KG Kit | LKG Books | Preschool Learni...,"₹1,605",4.4,171
SSC Maths 100 TCS Shifts 4th Edition Hindi Medium,₹230,4.1,64
SSC General Studies Theory Book Hindi Medium,₹495,4.4,489
ACE QUANT A Complete Guide On Quantitative Aptitude For...,₹339,4.4,"3,217"
YogiRaaj Ke Aajmaae Hue Sidh Sabar Mantra Book (Book Si...,₹210,3.8,14
UP Police Constable Maths Chapter Wise Book With Detail...,₹180,4.3,26
SSC English 7600 TCS MCQ Chapter Wise With Detailed Exp...,₹499,4.6,"2,038"
Netzwerk Neu B1 Kursbuch +Ubungsbuch + Glossar ( Set Of...,"₹1,240",4.6,14
UP Police Constable Hindi Book,₹180,3.8,47
Zero To Hero In 60 Days I English Grammar & Practice I ...,₹254,4.3,410
Fundamentals Of Geography By Study IQ,₹339,4.6,"1,996"
Nursery Writing Books For Kids |Book For Kids | Nurture...,₹285,4,13
Netzwerk Neu A2 Kursbuch+Ubungsbuch+Glossar,"₹1,245",4.3,27
Netzwerk A2 Textbook + Workbook + Glossar (Audio Downlo...,"₹1,066",4.2,35
"Ace SSC Advance (Quant) For SSC CGL, CHSL, CPO, GD And ...",₹349,3.9,21
Complete Classnotes Arithmetic (Bilingual),₹457,4.5,"5,825"
NCERT Word To Word NEET Biology Q-Bank 2.0 || 2023 Edit...,₹799,4.4,126
Kursbuch + Arbeitsbuch +Glossar,"₹1,048",4.3,27
The Body (Telugu),₹540,4,3
UBD1960 Errorless Physics for NEET as per NTA (Paperbac...,"₹1,351",4.3,284
SSC Maths 100 TCS Shifts 4th Edition English Medium,₹240,4.5,42
Zero To Hero In 60 Days I English Grammar & Practice I ...,₹309,4.4,366
Guide to trading chart patterns  - Trading chart patter...,₹284,4.3,877
NCERT Word To Word NEET Biology Q-Bank,₹799,4.5,767
BPSC 7th Phase 2023 State Teacher Language Paper Book F...,₹275,3.9,38
SSC General Studies 100 TCS Shifts 4th Edition English ...,₹240,4.5,31
"Combo Pack: Lakhmir Singh Class 9 Science (Biology, Phy...","₹1,100",4.1,195
Delhi Police Constable 5000 TCS MCQ Chapter Wise With D...,₹365,4.4,348
Std 12 Science Board Chapter Wise Questions With Soluti...,₹395,4.3,483
Flash Cards For Kids Learning | 64 Non Tearable Cards |...,₹379,4.4,22
Computer Awareness,₹89,4.3,"3,099"
Bihar Police Constable Bharti Pariksha 2023 Practice Se...,₹209,4,125
SSC General Studies 6500 TCS MCQ Chapter Wise English M...,₹499,4.6,"2,354"
SSC English 7600 TCS MCQ Chapter Wise With Detailed Exp...,₹489,4.5,"1,126"
SSC CGL 2023: 4000 TCS MCQ Chapter Wise With Detailed E...,₹390,4.4,155
Fun With Fables,"₹1,179",N/A,N/A
120 RULES OF GRAMMAR - Based On New Pattern - Nimisha B...,₹287,4.2,263
Ncert Textbook Biology 11th And 12th Book,₹420,4.1,20
MTG Objective NCERT at your FINGERTIPS Biology - NCERT ...,₹822,4.5,"2,071"
SSC MTS 25 Practice Papers TCS New Pattern With Detaile...,₹199,4.3,96
Latest Ace Series Books Kit For Banking & Insurance Exa...,"₹1,099",4.4,172
"35 Years NEET And AIIMS & AIPMT PCB (Physics, Chemistry...",₹920,4.3,82
English Grammar And Composition,₹308,4,219
SSC MTS 2023 4800 TCS MCQ Chapter Wise With Detailed Ex...,₹360,4.3,"1,197"
A Guide To Crack Bank Exams Interviews For BANK PO (Sec...,₹186,4.3,102
Inspector Chalisa Mathematics Calculation Book  - inspe...,₹248,4.5,"18,796"
NCERT Word To Word NEET Biology Q-Bank,₹799,4.5,767
Guide to trading chart patterns  - Trading chart patter...,₹284,4.3,877
The Current Affairs Book | 1000+ Most Important Current...,₹159,4.2,74
"SSC General Awareness Book For SSC CGL, CHSL, CPO, And ...",₹449,4.1,88
"12th Std English Book (Yuvakbharati) | Commerce, Scienc...",₹273,4.5,25
International Maths Olympiad - Class 5 (With OMR Sheets...,₹195,4.4,875
SSC English 7600 TCS MCQ Chapter Wise With Detailed Exp...,₹499,4.6,"2,038"
CSIR-NET Life Science Exam Handwritten Notes Focused St...,"₹3,429",4.3,6
Triple 3 - In - 1 (Pack Of 4),"₹1,491",4.5,11
20+ SSC CHSL 2022-23 Mock Papers Practice Set (Hindi Pr...,₹209,3.9,80
STARBUK My First Learning Board Book Of All-In-One For ...,₹215,4.2,219
Principles Of Indian Geography (English | 1st Edition) ...,₹399,4.6,"2,963"
"Edsmart Cursive Writing Book Level 2, Copy Writing Book...",₹135,3.6,28
Oswaal Cbse Chapterwise & Topicwise Question Bank Class...,₹564,4.3,370
MTG Objective NCERT at your FINGERTIPS For NEET - Physi...,"₹1,714",4.5,"1,342"
The Journey Of Our Love 'Author Signed Copy',₹86,4.6,106
The Secret,₹147,4.1,13
Science & Technology UPSC Civil Services Exam | Science...,₹440,4.3,24
Disha 144 JEE Main Physics Online (2023 - 2012) & Offli...,₹530,4.4,265
Objective General English  - OBJECTIVE GENERAL ENGLISH ...,₹299,4.4,"72,924"
CGPSC General Studies Notes For Prelims & Mains Exam Pr...,"₹3,049",4.1,12
Blossom Jumbo Creative Colouring Book For Kids | 3 To 5...,₹152,4.4,"1,808"
Blackbook of English Vocabulary  - Topper's choice for ...,₹317,4.6,"11,019"
A Complete Book Of Data Interpretation,₹404,4.4,"1,680"
SSC MTS 2023 48 Sets PYQ: TCS PYQ Solved Papers English...,₹299,4.4,548
How to Prepare for QUANTITATIVE APTITUDE for CAT |10th ...,₹759,4.5,"1,518"
UPSC CDS – OTA Toppers Notes All Subjects 3 Books (Hind...,"₹1,199",4,26
Delhi Police Constable Computer Knowledge Theory + MCQ ...,₹248,4.6,123
SSC MTS 2023 48 Sets PYQ: TCS PYQ Solved Papers Hindi M...,₹299,4.3,656
How to Crack Test of Reasoning,₹181,4.4,"34,695"
Shri Ramcharitmanas (Goswami Tulsidasji Krit-Aathon Kan...,₹760,4.7,225
"Atulneeya Samanya Hindi For SSC GD, IBPS RRB, CTET, DSS...",₹199,4.2,287
"Exampur Ssc Cgl Tier-1 Online Pre Exam 2023, 15 Practic...",₹270,4.3,629
Oxford English Mini Dictionary 7th Edition,₹233,4.3,"9,437"
Attitude Is Everything,₹214,4.5,"58,327"
Neeraj Claas 10 NIOS Arth Sastra (Economics) N-214 Base...,₹210,N/A,N/A
Geography Books For UPSC In Hindi- Bhugol Moolbhoot Sid...,₹558,4.5,214
UGC-NET Paper2 Bhugol(Geography) Study Material In Hind...,"₹1,699",4,10
Ssc TCS Pyqs Mathematics Chapterwise & Typewise Solved ...,₹597,4.3,987
A Comprehensive Guide For CTET PAPER-II (Social Science...,₹489,4.3,60
NCERT Word To Word NEET Biology Q-Bank,₹799,4.5,767
Guide to trading chart patterns  - Trading chart patter...,₹284,4.3,877
All In One Class 12th Chemistry for CBSE Exam 2024,₹369,4.2,260
Spoken English Course | Zero Level To Hero Level | Engl...,₹252,4.4,428
Neeraj Chemistry Nios Class 12,₹258,N/A,N/A
All in One Class 11th Physics for Cbse Exam 2024,₹484,4.4,126
SSC English 7600 TCS MCQ Chapter Wise With Detailed Exp...,₹499,4.6,"2,038"
CSIR-NET Life Science Exam Handwritten Notes Focused St...,"₹3,429",4.3,6
Chanakya Neeti,₹128,4.4,"3,205"
Chanakya Neeti,₹128,4.5,"2,031"
STARBUK My First Learning Board Book Of All-In-One For ...,₹215,4.2,219
The Secret,₹147,4.1,13
Mini English-Hindi Dictionary  - The World's Most Trust...,₹210,4.2,"1,791"
10 Practice Sets for Uttar Pradesh Police Aarakshi avum...,₹101,3.7,27
International English Olympiad - Class 2 (With OMR Shee...,₹195,4.3,245
SSC Constable GD Exam Guide 2023 Hindi,₹221,4.1,257
Principles Of Indian Geography (English | 1st Edition) ...,₹399,4.6,"2,963"
Science & Technology UPSC Civil Services Exam | Science...,₹440,4.3,24
Errorless 36 Previous Years Nta Neet (Ug) Chemistry Cha...,₹283,4.4,243
Word Power Made Easy  - The Complete Handbook for Build...,₹86,4.4,"1,24,096"
CGPSC General Studies Notes For Prelims & Mains Exam Pr...,"₹3,049",4.1,12
Blossom Jumbo Creative Colouring Book For Kids | 3 To 5...,₹152,4.4,"1,808"
Word Power Made Easy  - Word Power,₹127,4.4,"1,24,096"
"Master Reasoning Book Verbal, Non-Verbal & Analytical",₹476,4.4,"5,552"
Jawahar Navodaya Vidyalaya (JNV) Guide book Class 6 wit...,₹364,4.3,79
CBSE Chapterwise & Topicwise Question Bank Class 9 Math...,₹386,4.5,177
Set Of 2: Fundamentals Of Geography & Principles Of Ind...,₹709,4.5,923
UPSC CDS – OTA Toppers Notes All Subjects 3 Books (Hind...,"₹1,199",4,26
The Alchemist,₹274,4.6,982
Everyday Vocabulary 2016 Edition,₹75,4.3,"14,663"
Delhi Police Constable Computer Knowledge Theory + MCQ ...,₹248,4.6,123
Shri Ramcharitmanas (Goswami Tulsidasji Krit-Aathon Kan...,₹760,4.7,225
Oswal - Gurukul 10 Years Solved Papers for ICSE 10 Exam...,₹873,4.6,247
"Master Reasoning Book Verbal, Non-Verbal & Analytical",₹579,4.4,"5,139"
Xam idea Chemistry Class 12 Book | CBSE Board | Chapter...,₹720,4.3,69
Voices From India,"₹1,136",N/A,N/A
"Atulneeya Samanya Hindi For SSC GD, IBPS RRB, CTET, DSS...",₹199,4.2,287
UGC-NET Paper2 Bhugol(Geography) Study Material In Hind...,"₹1,699",4,10
Oswaal CBSE Sample Question Papers Class 10 Mathematics...,₹310,4.3,43
Jawahar Navodaya Vidyalaya Class 9 (20 Practice Sets & ...,₹252,4.2,24
NCERT Word To Word NEET Biology Q-Bank,₹799,4.5,767
Guide to trading chart patterns  - Trading chart patter...,₹284,4.3,877
Indian Army MER Nursing Assistant,₹195,4.2,"1,019"
Problems In General Physics,₹115,4.4,110
UGC NET /SET/JRF Shikshan Avam Shodh Abhiyogyata Paper ...,₹369,4.4,534
"Stories Of India: Love, Life And Literature","₹1,365",N/A,N/A
SSC English 7600 TCS MCQ Chapter Wise With Detailed Exp...,₹499,4.6,"2,038"
CSIR-NET Life Science Exam Handwritten Notes Focused St...,"₹3,429",4.3,6
National Science Olympiad - Class 3 (With OMR Sheets),₹195,4.4,262
All In One Class 12th Biology for CBSE Exam 2024,₹319,4.3,201
STARBUK My First Learning Board Book Of All-In-One For ...,₹215,4.2,219
The Secret,₹147,4.1,13
Ncert Solutions Chemistry Class 11th,₹171,4.4,"3,031"
Sach Kahun Toh,₹392,4.5,8
The Answer Writing Manual ( Hindi Edition ) for UPSC Ci...,₹347,4.6,"2,754"
Biology Simplified Ncert Class XII,₹150,4.4,"2,431"
Principles Of Indian Geography (English | 1st Edition) ...,₹399,4.6,"2,963"
Science & Technology UPSC Civil Services Exam | Science...,₹440,4.3,24
Vacation Activity Books For Kids 3 Year To 7 Year Old |...,₹636,4.3,21
Encyclopedia of General Science for General Competition...,₹256,4.4,"5,062"
CGPSC General Studies Notes For Prelims & Mains Exam Pr...,"₹3,049",4.1,12
Blossom Jumbo Creative Colouring Book For Kids | 3 To 5...,₹152,4.4,"1,808"
3 English Phonics Books For 3 + Years | 3 Level Program...,₹525,N/A,N/A
Basics of Stock Market | Complete Guide for Stock Begin...,₹250,4.2,169
Public Administration ( English| 2nd Edition) | UPSC | ...,₹559,4.5,600
Forever Love Stories,₹377,3.7,6
Set Of 2: Fundamentals Of Geography & Principles Of Ind...,₹709,4.5,923
UPSC CDS – OTA Toppers Notes All Subjects 3 Books (Hind...,"₹1,199",4,26
101 Panchatantra Stories,₹200,4.5,"7,221"
Bhartiya Kala Evum Sanskriti,₹579,4.5,"2,305"
Delhi Police Constable Computer Knowledge Theory + MCQ ...,₹248,4.6,123
Shri Ramcharitmanas (Goswami Tulsidasji Krit-Aathon Kan...,₹760,4.7,225
Student Atlas for India by Flipkart Books,₹333,4.4,69
11 Years Cbse Class 10 Mathematics (Standard) Previous ...,₹171,4.3,93
JEE (Advanced) Algebra with Free Online Assessments and...,₹799,4.7,117
The Girl In The Red Lipstick 'Author Signed Copy',₹109,4.6,79
"Atulneeya Samanya Hindi For SSC GD, IBPS RRB, CTET, DSS...",₹199,4.2,287
Geography Books For UPSC In Hindi- Bhugol Moolbhoot Sid...,₹558,4.5,214
Arihant 46 Years Mathematics Chapterwise Topicwise Solv...,₹449,3.6,17
"One for All Olympiad Previous Years Solved Papers, Clas...",₹263,4.4,159
NCERT Word To Word NEET Biology Q-Bank,₹799,4.5,767
Guide to trading chart patterns  - Trading chart patter...,₹284,4.3,877
World Atlas,₹250,4.3,"2,753"
All In One Class 11th Biology for CBSE Exam 2024,₹399,4.2,109
Nda/ Na 17 Years Mathematics Topic-Wise Solved Papers (...,₹482,4.4,931
All In One Class 10th Mathematics for CBSE Exam 2024 Ni...,₹419,4.4,232
CSIR-NET Life Science Exam Handwritten Notes Focused St...,"₹3,429",4.3,6
STARBUK My First Learning Board Book Of All-In-One For ...,₹215,4.2,219
15 Practice Sets SSC Constable GD 2023,₹137,4,104
Pathfinder NDA/NA National Defence Academy & Naval Acad...,₹638,4.2,190
The Secret,₹147,4.1,13
Science & Technology UPSC Civil Services Exam | Science...,₹440,4.3,24
Sophie Ka Sansar,₹259,4.5,"1,195"
Share Market Guide,₹398,4,"1,966"
Know Your State Odisha,₹235,4.5,"4,502"
RBI Grade-B Officers Phase-I Exam 2023 (English Printed...,₹389,4.6,26
CGPSC General Studies Notes For Prelims & Mains Exam Pr...,"₹3,049",4.1,12
Blossom Jumbo Creative Colouring Book For Kids | 3 To 5...,₹152,4.4,"1,808"
Oswal - Gurukul English (Language & Literature) Most Li...,₹550,4.4,54
NCERT Notes Bhartiya Rajyavyavastha Evam Prashashan Cla...,₹165,4.4,320
Set Of 2: Fundamentals Of Geography & Principles Of Ind...,₹709,4.5,923
UPSC CDS – OTA Toppers Notes All Subjects 3 Books (Hind...,"₹1,199",4,26
Disha 36 Previous Varsh Nta Neet (Ug) Rasayan Vigyan Ch...,₹262,4.4,55
NEERAJ CHEMISTRY ( Rasaayan Vigyaan) - XII : NIOS (Open...,₹258,4.3,21
How to Win Friends and Influence People,₹100,4.5,"28,249"
Arihant CBSE Chapterwise Solved Papers 2023-2010 Physic...,₹298,4.6,40
Delhi Police Constable Computer Knowledge Theory + MCQ ...,₹248,4.6,123
Shri Ramcharitmanas (Goswami Tulsidasji Krit-Aathon Kan...,₹760,4.7,225
Bhartiya Thal Sena Mer Nursing Assistant 2020,₹178,4.4,946
Plane Trigonometry Part-1,₹143,4.6,76
"Atulneeya Samanya Hindi For SSC GD, IBPS RRB, CTET, DSS...",₹199,4.2,287
Geography Books For UPSC In Hindi- Bhugol Moolbhoot Sid...,₹558,4.5,214
All in One Class 11th Chemistry for Cbse Exam 2024,₹349,4.4,208
Study Package For IBPS/ SBI/ RRB / RBI Bank Clerk / Po ...,"₹2,199",4.4,"1,156"
Disha Objective Ncert Xtract Biology for Nta Neet,₹639,4.3,394
The Secret (Punjabi),₹348,4.5,85
UGC-NET Paper2 Bhugol(Geography) Study Material In Hind...,"₹1,699",4,10
STARBUK All In One For Pre-Nursery To Primary Kids Engl...,₹340,4.4,242
60 Minute Main Network Marketing,₹169,4.5,203
Book Combo for Bank Exams (Ace Quant & Ace Reasoning) E...,₹679,4.4,"3,574"
SSC English 7600 TCS MCQ Chapter Wise With Detailed Exp...,₹499,4.6,"2,038"
Guide to trading chart patterns  - Trading chart patter...,₹284,4.3,877
Book Combo for Bank Exams (Ace Quant & Ace Reasoning) E...,₹679,4.4,"3,574"
Lok Vyavhar,₹109,4.4,"4,491"
Jaun Elia,₹198,4.6,624
JEE (Advanced) Magnetism and Electromagnetic Induction ...,₹477,4.7,43
Netzwerk Neu B1 Kursbuch +Ubungsbuch + Glossar ( Set Of...,"₹1,240",4.6,14
Netzwerk Neu A2 Kursbuch+Ubungsbuch+Glossar,"₹1,245",4.3,27
Shortcuts & Tips in Quantitative Aptitude/ Reasoning/ E...,₹354,4.1,"5,300"
Unusual Tales from Indian Mythology,₹659,4.8,123
Netzwerk A2 Textbook + Workbook + Glossar (Audio Downlo...,"₹1,066",4.2,35
Kursbuch + Arbeitsbuch +Glossar,"₹1,048",4.3,27
IIT Foundation Mathematics Class 7,₹347,4.6,91
Bhartiya Vayu Sena Agniveer Vayu Phase -1 Online Likhit...,₹225,4.3,60
Sainik School Class 9 Guide 2023,₹383,4.9,11
5 Varsh-Vaar Uppsc Mains Previous Year Solved Papers (2...,₹152,4.3,262
"Combo Pack: Lakhmir Singh Class 9 Science (Biology, Phy...","₹1,100",4.1,195
SSC English 7600 TCS MCQ Chapter Wise With Detailed Exp...,₹489,4.5,"1,126"
Errorless 36 Previous Years Nta Neet (Ug) Physics Chapt...,₹315,4.4,237
Disha 36 Previous Varsh Nta Neet (Ug) Bhautik Vigyan Ch...,₹303,4,53
SSC General Studies 6500 TCS MCQ Chapter Wise English M...,₹499,4.6,"2,354"
120 RULES OF GRAMMAR - Based On New Pattern - Nimisha B...,₹287,4.2,263
11 Years Cbse Class 12 Physics Previous Year-Wise Solve...,₹206,4,45
Samanya Gyan 2023,₹142,4.3,503
27 Years Upsc IAS/ Ips Prelims Topic-Wise Solved Papers...,₹399,4.5,"8,809"
63 SSC Reasoning Ability Previous Year Topic-wise Solve...,₹218,4.3,46
English Grammar And Composition,₹308,4,219
NCERT Word To Word NEET Biology Q-Bank,₹799,4.5,767
All In One Class 11th Geography for CBSE Exam�2024,₹289,4.6,69
Errorless 46 Previous Years IIT JEE Advanced (1978 - 20...,₹553,4.3,105
For Beginners Understanding: Trading Chart Pattern Book...,₹189,4.1,"1,732"
Delhi Police Constable Computer Knowledge Theory + MCQ ...,₹248,4.6,123
The Simplest Book for Technical Analysis,₹240,4,509
Aakhiri Kitaab Jo Zindagi Badal De,₹277,4.4,"1,960"
Arihant 46 Years Chemistry Chapterwise Topicwise Solved...,₹458,4.2,16
GATE-2024: Electrical Engineering Previous Year Solved ...,₹773,4.5,64
SSC General Studies Theory Book Hindi Medium,₹495,4.4,489
SSC Maths 6800 TCS MCQ Chapter Wise 3rd Edition Hindi M...,₹319,4.5,"2,025"
THE RICHEST MAN IN BABYLON,₹138,4.5,"7,831"
Ccc Course on Computer Concepts,₹157,4.3,"2,095"
NCERT Word To Word NEET Biology Q-Bank 2.0 || 2023 Edit...,₹799,4.4,126
NCERT Word To Word NEET Biology Q-Bank,₹799,4.5,767
Nta UGC Net / Jrf / Set General Paper 1 Teaching & Rese...,₹328,4.3,143
1984,₹156,4.5,"14,335"
1984,₹138,4.5,"14,335"
Oswal - Gurukul Computer Applications Most Likely Quest...,₹375,4.5,57
Guide to trading chart patterns  - Trading chart patter...,₹284,4.3,877
SSC English 7600 TCS MCQ Chapter Wise With Detailed Exp...,₹499,4.6,"2,038"
Physics Simplified NCERT Class 11,₹261,4.5,159
Objective Ncert at Your Fingertips for Neet-Aiims-Physi...,₹636,4.5,"3,229"
CSIR-NET Life Science Exam Handwritten Notes Focused St...,"₹3,429",4.3,6
STARBUK My First Learning Board Book Of All-In-One For ...,₹215,4.2,219
Ccc (Course on Computer Concepts) Study Guide,₹165,4.3,"1,953"
A Textbook of Microbiology (Library Hardback Edition),₹967,4.8,6
Governance in India ( English| 3rd Edition) | UPSC | Ci...,₹469,4.6,"2,623"
Memory,₹109,4.2,819
SSC GD Constable 70 Practice Sets New Pattern I Hindi M...,₹299,4.4,288
The Secret,₹147,4.1,13
Master the NCERT for NEET and JEE Chemistry Vol 1,₹298,4.2,84
Indian Coast Guard Navik Gd/Db /Yantrik Section 1 Guide...,₹180,4.3,"1,382"
Principles Of Indian Geography (English | 1st Edition) ...,₹399,4.6,"2,963"
Science & Technology UPSC Civil Services Exam | Science...,₹440,4.3,24
Ssc Multi Tasking Non Technical Guide 2023,₹323,4.3,156
KHU Central Hindu School Entrance Guide 2024 For Class ...,₹379,4,23
NCERT Notes Bharat Evam Vishva Ka Bhugol Class 6-12 (Ol...,₹248,4.4,247
SSC Reasoning Topic-wise Practice Sets Book For Exam 20...,₹165,4.2,596
CGPSC General Studies Notes For Prelims & Mains Exam Pr...,"₹3,049",4.1,12
Set Of 2: Fundamentals Of Geography & Principles Of Ind...,₹709,4.5,923
Errorless 13 Previous Years UPSC Civil Services IAS Pre...,₹321,4.3,23
JEE (Advanced) Physical Chemistry: Part 2 with Free Onl...,₹737,4.6,18
UPSC CDS – OTA Toppers Notes All Subjects 3 Books (Hind...,"₹1,199",4,26
Delhi Police Constable Computer Knowledge Theory + MCQ ...,₹248,4.6,123
Agniveer Army GD/TDN Books,₹247,4.2,47
Geography of India (English|10th Edition) | UPSC | Civi...,₹619,4.4,785
Oswal - Gurukul Accountancy Most Likely CBSE Question B...,₹542,4.5,44
Chapter Wise Solved Previous Years� Papers for CAT | 2n...,₹529,4.3,73
Shri Ramcharitmanas (Goswami Tulsidasji Krit-Aathon Kan...,₹760,4.7,225
"Atulneeya Samanya Hindi For SSC GD, IBPS RRB, CTET, DSS...",₹199,4.2,287
No Matter What . . . I Will Always Love You!,₹199,4.6,563
If it's Not Forever it's Not Love,₹137,4.5,"4,793"
Samanya Gyan 2024,₹160,3.9,105
Delhi Police Constable 20 Practice sets and 10 Solved P...,₹129,3.7,33
One Indian Girl,₹233,4.3,"52,972"
30 Practice Sets Indian Air Force Agniveer Vayu Phase -...,₹109,4.2,36
Cbse Board Exam 2023 -I-Succeed 15 Sample Question Pape...,₹177,4.2,423
Face to Face Cat 30 Years (1993-2022) Sectionwise & Top...,₹499,4,67
Extreme Copy Colour - Mandala,₹135,4.3,493
Ncert Solutions Science for Class 7th,₹150,4.3,19
Complete Companion for GPAT,₹781,4.4,532
Atmasiddhi Shastra,₹349,4.7,136
JEE (Advanced) Physical Chemistry: Part 2 with Free Onl...,₹737,4.6,18
A Handbook for Letter Writing,₹133,4.3,"5,551"
NCERT Notes Bhartiya Arthvyavastha Class 9-12 (Old+New)...,₹71,4.4,415
Give and Take : Why Helping Others Drives Our Success,₹242,4.4,25
Understanding Physics Jee Main and Advanced Mechanics 2...,₹443,4.6,161
25 Practice Sets Indian Air Force Agniveer Vayu Phsae-1...,₹165,3.8,35
CBSE Chapterwise Solved Papers 2023-2014 Physical Educa...,₹475,4.2,56
JEE (Advanced) Electrostatics and Current Electricity w...,₹567,4.5,49
RELATIVITY  - The Special and the General Theory,₹160,4.5,"8,340"
Modern Indian History,₹549,4.6,"7,247"
Nta Csir UGC Net/Set Life Science  - Quarterly Current ...,₹730,4.4,169
GO TO Guide for CLAT & other Law Admission Tests with P...,₹426,4.2,77
Theek Tumhare Peechhe,₹170,4.4,544
Sabse Mushkil Kaam Sabse Pehle,₹151,4.5,"1,924"
GATE-2024: Mechanical Engineering Previous Year Solved ...,₹772,4.4,76
Refreshing Mandala- Colouring Book for Adults Book 1,₹229,4.6,"1,744"
Jawahar Navodaya Vidyalaya Class 6 Solved Papers (2023-...,₹210,4.1,24
Magbook Indian History for Civil services prelims/state...,₹198,4.5,40
Ncert Exemplar Problems Solutions Physics Class 11th,₹144,4.1,58
History of Modern India,₹351,4.3,"14,844"
Encyclopedia of Samanya Vigyan,₹282,4.3,870
JEE (Advanced) Calculus with Free Online Assessments an...,₹759,4.7,100
Nta UGC Net/Jrf/Set Paper 2 Education,₹497,4.3,29
NEET Objective Physics Volume 1 and 2 ( set of 2 book ),"₹1,445",4.6,14
14000+ Chapterwise Questions Objective General Studies,₹414,4.4,181
How to Prepare for Logical Reasoning for Cat,₹597,4.5,"8,608"
The Miracle Morning,₹201,4.6,941
NCERT Aadharit Samanya Adhyayan One Liner 25000+,₹355,4.3,202
Oswaal One For All Olympiad Previous Years' Solved Pape...,₹356,4.3,36
Goals,₹344,4.5,198
NCERT Word To Word NEET Biology Q-Bank 2.0 || 2023 Edit...,₹799,4.4,126
NCERT Word To Word NEET Biology Q-Bank,₹799,4.5,767
Disha 120 Jee Main Chemistry Online (20222012) & Offlin...,₹499,4.4,446
Xam idea Mathematics Class 12 Book | CBSE Board | Chapt...,₹720,4.7,21
Ncert Solutions Social Science for Class 9th,₹191,4.3,33
Very First Sight Words Sentences Level - 1,₹180,4.4,"4,337"
Guide to trading chart patterns  - Trading chart patter...,₹284,4.3,877
SSC English 7600 TCS MCQ Chapter Wise With Detailed Exp...,₹499,4.6,"2,038"
14000+ Chapterwise Questions Objective General Studies,₹414,4.4,181
NEET Objective Physics Volume 1 and 2 ( set of 2 book ),"₹1,445",4.6,14
CSIR-NET Life Science Exam Handwritten Notes Focused St...,"₹3,429",4.3,6
STARBUK My First Learning Board Book Of All-In-One For ...,₹215,4.2,219
Oswaal One For All Olympiad Previous Years' Solved Pape...,₹356,4.3,36
Goals,₹344,4.5,198
How to Prepare for Logical Reasoning for Cat,₹597,4.5,"8,608"
Modi@20,₹613,4.8,122
SSC GD Constable 70 Practice Sets New Pattern I Hindi M...,₹299,4.4,288
The Secret,₹147,4.1,13
NCERT Aadharit Samanya Adhyayan One Liner 25000+,₹355,4.3,202
Extreme Copy Colour - Mandala,₹135,4.3,493
Principles Of Indian Geography (English | 1st Edition) ...,₹399,4.6,"2,963"
Science & Technology UPSC Civil Services Exam | Science...,₹440,4.3,24
Nda/ Na 17 Years English & General Knowledge Topic-Wise...,₹329,4.4,723
All In One Class 11th Business Studies for CBSE Exam�20...,₹269,4.7,33
JEE (Advanced) Calculus with Free Online Assessments an...,₹759,4.7,100
Nta UGC Net/Jrf/Set Paper 2 Education,₹497,4.3,29
CGPSC General Studies Notes For Prelims & Mains Exam Pr...,"₹3,049",4.1,12
Set Of 2: Fundamentals Of Geography & Principles Of Ind...,₹709,4.5,923
CBSE All In One Biology Class 11 2022-23 Edition (As pe...,₹317,4.4,244
Ncert Practice Workbook Social Science Class 7th,₹150,4.3,13
UPSC CDS – OTA Toppers Notes All Subjects 3 Books (Hind...,"₹1,199",4,26
Delhi Police Constable Computer Knowledge Theory + MCQ ...,₹248,4.6,123
5 Year-Wise Uppsc Mains Previous Year Solved Papers (20...,₹152,4.3,150
Bal Ramayan,₹250,4.6,5
All In One Class 11th Sociology for CBSE Exam 2024 Fift...,₹220,4.2,24
Mrs. Dalloway,"₹1,329",4.5,"1,208"
Shri Ramcharitmanas (Goswami Tulsidasji Krit-Aathon Kan...,₹760,4.7,225
"Atulneeya Samanya Hindi For SSC GD, IBPS RRB, CTET, DSS...",₹199,4.2,287
Self Study Guide LLB Entrance Examination 2023,₹429,4.3,201
Physics Galaxy 2020-21 2 Edition,₹258,4.6,"6,310"
NCERT Word To Word NEET Biology Q-Bank,₹799,4.5,767
Guide to trading chart patterns  - Trading chart patter...,₹284,4.3,877
The Business School (with Audio Cassette),₹141,4.4,599
10 Previous Years Clat & Ailet (2013 - 2022) Topic-Wise...,₹319,4.3,72
Life Sciences Fundamentals and Practice Part - I,₹473,4.4,763
18 SBI Bank PO Preliminary & Mains Previous Year-wise S...,₹237,4.4,49
CSIR-NET Life Science Exam Handwritten Notes Focused St...,"₹3,429",4.3,6
STARBUK My First Learning Board Book Of All-In-One For ...,₹215,4.2,219
The Secret Garden  - By Miss & Chief,₹159,4.4,331
Goto Guide for Agniveer Sena Indian Air Force Airmen Ot...,₹177,4.4,10
The Secret,₹147,4.1,13
Principles Of Indian Geography (English | 1st Edition) ...,₹399,4.6,"2,963"
October Junction,₹170,4.6,759
Stop Weighting,₹251,4.6,35
Samanye Gyan 2024,₹105,4.3,37
Colouring Books Collections for Early Learning by InIka...,₹220,4.4,"7,445"
Science & Technology UPSC Civil Services Exam | Science...,₹440,4.3,24
CGPSC General Studies Notes For Prelims & Mains Exam Pr...,"₹3,049",4.1,12
Business Studies Class 12 - CBSE - Examination 2023-202...,₹630,4.5,168
Main Buddha Bol Raha Hoon,₹147,4.4,352
Blossom Jumbo Creative Colouring Book For Kids | 3 To 5...,₹152,4.4,"1,808"
Set Of 2: Fundamentals Of Geography & Principles Of Ind...,₹709,4.5,923
Nda/ Na 14 Year-Wise Solved Papers,₹385,4.3,209
"25 Cbse Class 12 Biology Chapter-Wise, Topic-Wise & Ski...",₹179,N/A,N/A
Understanding Physics JEE Main and Advanced Optics and ...,₹312,4.6,189
99 Quantitative Aptitude & Data Interpretation Topic-wi...,₹407,4.3,24
UPSC CDS – OTA Toppers Notes All Subjects 3 Books (Hind...,"₹1,199",4,26
Delhi Police Constable Computer Knowledge Theory + MCQ ...,₹248,4.6,123
B.D. Chaurasia's Human Anatomy,"₹2,236",4.7,89
TARGET MHT-CET Online Engineering Test 2023 - 7 Previou...,₹218,3.9,103
Shri Ramcharitmanas (Goswami Tulsidasji Krit-Aathon Kan...,₹760,4.7,225
"Atulneeya Samanya Hindi For SSC GD, IBPS RRB, CTET, DSS...",₹199,4.2,287
10 Previous Varsh Topic Wise Upsc Civil Services IAS Ma...,₹539,4.3,111
"50 Practice Sets Reasoning ( Verbal., Non Verbal & Anal...",₹154,4.3,"1,778"
11 Years Cbse Class 12 Mathematics Previous Year-Wise S...,₹225,4.1,31
"Mein Jo Hoon, 'Jon Elia' Hoon",₹377,4.6,"1,029"
UGC-NET Paper2 Bhugol(Geography) Study Material In Hind...,"₹1,699",4,10
Geography Books For UPSC In Hindi- Bhugol Moolbhoot Sid...,₹558,4.5,214
Ikigai,₹170,4.3,284
Ncert MCQS Bhartiya Arthvyavastha Class 9-12 (Old+New),₹59,4.1,85
NCERT Word To Word NEET Biology Q-Bank,₹799,4.5,767
Guide to trading chart patterns  - Trading chart patter...,₹284,4.3,877
Olympiad Champs Mathematics Class 5 with Past Olympiad ...,₹149,4.4,411
GENERAL STUDIES Manual 2024 |GS Paper 1 | UPSC | Civil ...,"₹1,297",N/A,N/A
Indian Economy | WBCS | West Bengal Civil Services,₹645,N/A,N/A
Science (Based on the Latest Textbook of DAV Board) Cla...,₹220,4.7,158
CSIR-NET Life Science Exam Handwritten Notes Focused St...,"₹3,429",4.3,6
STARBUK My First Learning Board Book Of All-In-One For ...,₹215,4.2,219
Ncert Workbook Physics Volume 2 Class 11 First Edition,₹157,4.3,21
A Compendium of Spoken Words,₹115,4.2,"1,883"
The Secret,₹147,4.1,13
Principles Of Indian Geography (English | 1st Edition) ...,₹399,4.6,"2,963"
Computer Aptitude For Banking and Insurance (English Pr...,₹249,4.3,"1,046"
Olympiad Champs Science Class 4 with Chapter-Wise Previ...,₹207,4.4,9
11 Years JEE Main (2013-2023) Chapterwise Topicwise Mat...,₹645,N/A,N/A
Go to Nda/ Na Guide for Mathematics,₹242,4.4,282
Science & Technology UPSC Civil Services Exam | Science...,₹440,4.3,24
CGPSC General Studies Notes For Prelims & Mains Exam Pr...,"₹3,049",4.1,12
Ncert Exemplar Problems Solutions Biology Class 11th,₹177,4.3,36
Chanakya Neeti,₹128,4.3,"3,929"
Blossom Jumbo Creative Colouring Book For Kids | 3 To 5...,₹152,4.4,"1,808"
Set Of 2: Fundamentals Of Geography & Principles Of Ind...,₹709,4.5,923
Errorless 45 Previous Years Iit Jee Advanced (19782022)...,₹539,4.3,404
Mental Ability for Ntse & Olympiad Exams for Class 10 (...,₹220,4.4,"1,759"
Ncert Exemplar Problems-Solutions Mathematics Class 7th,₹270,4.4,"1,073"
JEE (Advanced) Vectors and 3D Geometry with Free Online...,₹414,4.5,44
UPSC CDS – OTA Toppers Notes All Subjects 3 Books (Hind...,"₹1,199",4,26
Delhi Police Constable Computer Knowledge Theory + MCQ ...,₹248,4.6,123
"Bloom CAP Olympiad Science, Mathematics, Reasoning, Eng...",₹425,4.3,38
Nta UGC Net/Jrf/Set Paper 2 Economics,₹547,4.2,29
Shri Ramcharitmanas (Goswami Tulsidasji Krit-Aathon Kan...,₹760,4.7,225
"Atulneeya Samanya Hindi For SSC GD, IBPS RRB, CTET, DSS...",₹199,4.2,287
Chapter-wise NCERT + Exemplar + PAST 13 Years Solutions...,₹596,4.2,63
50 Practice Sets Indian Navy Agniveer Mr (Matric Recrui...,₹129,4.3,44
Indian Airforce Agniveer Vayu Phase-1 Online Written Te...,₹231,4.4,59
Indian Army Agniveer General Duty Phase 1 Exam,₹176,4.1,24
UGC-NET Paper2 Bhugol(Geography) Study Material In Hind...,"₹1,699",4,10
Geography Books For UPSC In Hindi- Bhugol Moolbhoot Sid...,₹558,4.5,214
The Magic Mindset: How to Find Your Happy Place,₹160,4.6,962
Objective Mathematics Vol 2 For Engineering Entrances,₹655,3.9,14
NCERT Word To Word NEET Biology Q-Bank,₹799,4.5,767
Guide to trading chart patterns  - Trading chart patter...,₹284,4.3,877
TARGET NTA JEE Main 2024 - 11 Previous Year Solved Pape...,₹347,N/A,N/A
Learn Hindi Through Telugu(Telugu To Hindi Learning Cou...,₹250,4.1,846
2023 YEARLY Current Affairs Pack of 4 Quarterly Issues ...,₹648,4.7,18
Ikigai  - Hindi Translation of “Ikigai: The Japanese Se...,₹280,4.4,58
SSC English 7600 TCS MCQ Chapter Wise With Detailed Exp...,₹499,4.6,"2,038"
CSIR-NET Life Science Exam Handwritten Notes Focused St...,"₹3,429",4.3,6
CBSE All In One Computer Applications Class 10 2022-23 ...,₹147,4,147
Cbse Board Exams 2023 I-Succeed 15 Sample Question Pape...,₹166,4.4,401
STARBUK My First Learning Board Book Of All-In-One For ...,₹215,4.2,219
Principles Of Indian Geography (English | 1st Edition) ...,₹399,4.6,"2,963"
Main Tumhen Phir Milungi,₹97,4.5,84
Emotion & Relationships,₹207,4.6,"7,807"
Errorless 45 Previous Years Iit Jee Advanced (19782022)...,₹649,4.4,490
"Class 2 Olympiad Champs Combo (set of 3 books) Science,...",₹440,4.4,11
The Secret,₹147,4.1,13
Science & Technology UPSC Civil Services Exam | Science...,₹440,4.3,24
40 Year-Wise Sbi/ Ibps/ Rrb/ Rbi Bank Clerk Solved Pape...,₹335,4.3,317
Nta Cuet Ug 2023 Section 1 a Languages (Hindi & English...,₹208,4.4,535
CGPSC General Studies Notes For Prelims & Mains Exam Pr...,"₹3,049",4.1,12
Blossom Jumbo Creative Colouring Book For Kids | 3 To 5...,₹152,4.4,"1,808"
Nta UGC Net/Jrf/ Set Paper 2 Public Administration,₹502,4.9,7
Chemistry (Class - XII) (Part - II),₹109,4.2,"1,652"
All In One Biology ICSE Class 9 2022-23 Edition,₹212,4.5,21
Idioms & Phrases,₹175,4.4,"1,840"
Set Of 2: Fundamentals Of Geography & Principles Of Ind...,₹709,4.5,923
UPSC CDS – OTA Toppers Notes All Subjects 3 Books (Hind...,"₹1,199",4,26
Indian Air Force Agniveer Vayu Physics,₹166,4,29
Ncert Practice Workbook Mathematics Class 7th,₹125,4.5,39
Delhi Police Constable Computer Knowledge Theory + MCQ ...,₹248,4.6,123
Shri Ramcharitmanas (Goswami Tulsidasji Krit-Aathon Kan...,₹760,4.7,225
All In One Class 11th Hindi Kendrik for CBSE Exam�2024,₹295,4.5,48
THE HAPPY PRINCE AND OTHER STORIES,₹195,4.5,78
99 Reasoning & Computer Aptitude Topic-wise Previous Ye...,₹377,4.5,25
Educart CBSE Class 12 CHEMISTRY Sample Paper 2022 (with...,₹313,4.3,372
"Atulneeya Samanya Hindi For SSC GD, IBPS RRB, CTET, DSS...",₹199,4.2,287
Geography Books For UPSC In Hindi- Bhugol Moolbhoot Sid...,₹558,4.5,214
15 Varsh Vaar Ctet Paper 1 Solved Papers (2011 - 2021),₹193,4.1,254
"25 Cbse Class 10 Science Chapter-Wise, Topic-Wise & Ski...",₹207,3.7,3
NCERT Word To Word NEET Biology Q-Bank,₹799,4.5,767
Guide to trading chart patterns  - Trading chart patter...,₹284,4.3,877
Nta Cuet Ug 2023 Arts Domain B.A,₹456,4.2,170
TBD: SSC CGL EXAMINATION,₹377,4.4,20
Mtg 35 Years Neet Previous Year Solved Question Papers ...,₹297,4.5,"4,065"
Nta-Ugc-Net  - History Previous Years' Paper (Solved) 2...,₹426,4.3,"2,090"
CSIR-NET Life Science Exam Handwritten Notes Focused St...,"₹3,429",4.3,6
STARBUK My First Learning Board Book Of All-In-One For ...,₹215,4.2,219
Half-Yearly Current Affairs - January to June 2023 for ...,₹600,4.3,12
Paryavaran Avum Paristhitiki Compendium with Ncert (Cla...,₹239,3.3,11
The Secret,₹147,4.1,13
Principles Of Indian Geography (English | 1st Edition) ...,₹399,4.6,"2,963"
"Descriptive English for IAS/ State Psc Mains, Ibps/ Sbi...",₹321,N/A,N/A
NDA/NA National Defence Academy & Naval Academy Entranc...,₹251,4.4,29
Ncert Solutions Physics Class12th,₹191,4.2,28
2500 + Objective General Science,₹225,4.3,262
Science & Technology UPSC Civil Services Exam | Science...,₹440,4.3,24
CGPSC General Studies Notes For Prelims & Mains Exam Pr...,"₹3,049",4.1,12
All In One English Language (Paper 1) ICSE Class 9 and ...,₹212,4.6,36
10 Varshvaar Upsc Civil Services IAS Mains Samanya Adhy...,₹287,4.3,90
Blossom Jumbo Creative Colouring Book For Kids | 3 To 5...,₹152,4.4,"1,808"
Set Of 2: Fundamentals Of Geography & Principles Of Ind...,₹709,4.5,923
The High Performance Entrepreneur  - Golden Rules for S...,₹202,4.5,522
Very First Sight Words Sentences Level - 2,₹195,4.4,"1,449"
Miss & Chief Pop-Up Moral Stories,₹659,4.7,348
Indian Army Agniveer G.D. Phase 1 Exam 50 Practice Sets,₹166,4.2,47
UPSC CDS – OTA Toppers Notes All Subjects 3 Books (Hind...,"₹1,199",4,26
Delhi Police Constable Computer Knowledge Theory + MCQ ...,₹248,4.6,123
Banking Awareness,₹125,4.4,724
Educart Cbse Term 1 Maths Standard Sample Papers Class ...,₹137,4.4,"1,728"
Shri Ramcharitmanas (Goswami Tulsidasji Krit-Aathon Kan...,₹760,4.7,225
"Atulneeya Samanya Hindi For SSC GD, IBPS RRB, CTET, DSS...",₹199,4.2,287
Guide to Jnvst Kaksha 6 Jawahar Navodaya Vidyalaya Sele...,₹209,4.6,8
CBSE All In One NCERT Based Mathematics Class 6 2022-23...,₹240,4.6,69
Modern Essays,₹195,4.2,27
Crack Upsc Csat Civil Services Aptitude Test IAS Prelim...,₹517,4.4,59
UGC-NET Paper2 Bhugol(Geography) Study Material In Hind...,"₹1,699",4,10
Geography Books For UPSC In Hindi- Bhugol Moolbhoot Sid...,₹558,4.5,214
Chapterwise Topicwise Solved Papers Chemistry for NEET ...,₹544,3.7,11
Olympiad Champs Science Class 5 with Past Olympiad Ques...,₹196,4.3,338
Netzwerk Neu B1 Kursbuch +Ubungsbuch + Glossar ( Set Of...,"₹1,240",4.6,14
Netzwerk Neu A2 Kursbuch+Ubungsbuch+Glossar,"₹1,245",4.3,27
"Optics and Modern Physics for JEE (Advanced), 3E",₹597,4.5,106
Nta Cuet Ug 2023 Section 2 Domain Humanities,₹319,4.3,177
The Complete Human Body,"₹1,546",4.6,90
Nta UGC Net/Jrf/Set Paper 2 Law,₹489,3.7,16
Netzwerk A2 Textbook + Workbook + Glossar (Audio Downlo...,"₹1,066",4.2,35
Kursbuch + Arbeitsbuch +Glossar,"₹1,048",4.3,27
CBSE All In One Itihas Class 12 2022-23 Edition (As per...,₹268,4.3,75
Mandala - Adult Colouring Book for Peace & Relaxation,₹180,4.3,272
Guide to trading chart patterns  - Trading chart patter...,₹284,4.3,877
"Combo Pack: Lakhmir Singh Class 9 Science (Biology, Phy...","₹1,100",4.1,195
Ncert Practice Workbook English Marigold for Class 2  -...,₹77,4.3,471
Jawahar Navodaya Vidyalaya (JNV) Class 6 Complete Guide...,₹252,4.2,326
"Guide to Ssc - Chsl (10+2) Deo, Ldc & Postal/ Sorting A...",₹417,4.1,88
Brilliant Brain Activity Book 6+,₹250,4.4,391
NCERT Word To Word NEET Biology Q-Bank,₹799,4.5,767
SSC General Studies 6500 TCS MCQ Chapter Wise English M...,₹499,4.6,"2,354"
Skills in Mathematics - Integral Calculus for JEE Main ...,₹280,4.6,42
Forever Is a Lie,₹121,4.5,"4,731"
SSC English 7600 TCS MCQ Chapter Wise With Detailed Exp...,₹489,4.5,"1,126"
120 RULES OF GRAMMAR - Based On New Pattern - Nimisha B...,₹287,4.2,263
Jharkhand Samanya Gyan,₹100,4.2,346
BPSC Bihar Shikshak Bahali Bhasha (Aharta) Hindi Bhasha...,₹352,4,218
My First Learning Library Box Set 2  - By Miss & Chief,₹805,4.5,230
NDA / NA Solved Paper Chapterwise Sectionwise Hindi,₹332,4.1,161
Ncert Textbook Biology 11th And 12th Book,₹420,4.1,20
English Grammar And Composition,₹308,4,219
Educart Term 1 & 2 HINDI A Class 10 CBSE Question Bank ...,₹379,4.3,287
Cbse Board Exam 2023 I-Succeed 15 Sample Question Paper...,₹193,4.4,439
Secondary School Mathematics For Class 10 - 2023 Editio...,₹360,4,960
SSC General Studies Theory Book Hindi Medium,₹495,4.4,489
The Elements of Coordinate Geometry Part-1 Cartesian Co...,₹171,4.3,15
101 Activities Book For Kids Age 3-5 Years | English Br...,₹203,4.3,89
CBSE All In One Hindi A Class 9 2022-23 Edition (As per...,₹306,4.4,53
A History of Ancient India | For UPSC and Civil Service...,₹358,4.7,21
ACE QUANT A Complete Guide On Quantitative Aptitude For...,₹339,4.4,"3,217"
SSC Maths 6800 TCS MCQ Chapter Wise 3rd Edition Hindi M...,₹319,4.5,"2,025"
Essential English Grammar - Supplementary Exercises Ind...,₹125,4.2,373
10 New Pattern Mock Tests for NTA JEE Main 2024 - 5 Onl...,₹139,N/A,N/A
Netzwerk Neu B1 Kursbuch +Ubungsbuch + Glossar ( Set Of...,"₹1,240",4.6,14
SSC English 7600 TCS MCQ Chapter Wise With Detailed Exp...,₹499,4.6,"2,038"
"NCERT Solutions Physics, Chemistry, Biology Class 12th ...",₹529,N/A,N/A
The Girl Next Door,₹104,4.5,"1,454"
"Safalta - Kyun, Kaise, Kab??",₹77,4.4,"1,186"
Pearson Iit Foundation Chemistry Class 7,₹303,4.5,424
Netzwerk Neu A2 Kursbuch+Ubungsbuch+Glossar,"₹1,245",4.3,27
Netzwerk A2 Textbook + Workbook + Glossar (Audio Downlo...,"₹1,066",4.2,35
NTA UGC NET/SET/JRF Law Solved Papers 2022-2012,₹369,N/A,N/A
NEET A to Z Physics Part 2 First Edition,₹749,N/A,N/A
Kursbuch + Arbeitsbuch +Glossar,"₹1,048",4.3,27
Guide to trading chart patterns  - Trading chart patter...,₹284,4.3,877
NTA UGC NET/SET/JRF Law Solved Papers 2022-2012,₹347,4.9,7
Ncert Solutions Mathematics for Class 7th,₹250,4.2,13
The History of Assam from Yandabo to Partition,₹425,4.4,"2,099"
New Pattern JEE Problems Mathematics for JEE Main & Adv...,₹647,4.6,91
"Combo Pack: Lakhmir Singh Class 9 Science (Biology, Phy...","₹1,100",4.1,195
NCERT Word To Word NEET Biology Q-Bank,₹799,4.5,767
Nta UGC Net/Jrf/Set Paper-2 (Human Resource Management ...,₹429,3.7,18
Legal Awareness and Legal Reasoning 2022-2023,₹499,4.5,321
SSC General Studies 6500 TCS MCQ Chapter Wise English M...,₹499,4.6,"2,354"
SSC English 7600 TCS MCQ Chapter Wise With Detailed Exp...,₹489,4.5,"1,126"
Educart Science Class 10 Cbse Question Bank for 2022 Ex...,₹390,4.4,"1,458"
Mastering Essay & Answer Writing,₹229,4.4,542
Go to Nda/ Na Guide for General Science,₹133,4.2,257
Science For Everyone - Aptitude Test Problem In Physics,₹119,4.1,9
120 RULES OF GRAMMAR - Based On New Pattern - Nimisha B...,₹287,4.2,263
Ncert Textbook Biology 11th And 12th Book,₹420,4.1,20
SSC : Multi Tasking Staff (MTS : Non-Technical) and Hav...,₹160,4,69
Tinkle Gold,₹243,4.6,60
English Grammar And Composition,₹308,4,219
Secondary School Mathematics For Class 10 - 2023 Editio...,₹360,4,960
Hindi-English Expert Translator,₹167,4.3,"4,259"
63 Ssc Samanya Gyan Previous Year Topic-Wise Solved Pap...,₹229,3.9,23
Ncert Exemplar Problems-Solutions Mathematics Class 6th,₹144,N/A,N/A
UGC Net/Jrf/Set Paper-2 Itihaas,₹388,4.3,9
SSC General Studies Theory Book Hindi Medium,₹495,4.4,489
ACE QUANT A Complete Guide On Quantitative Aptitude For...,₹339,4.4,"3,217"
Nta UGC Net/Jrf/Set Paper-2 Management,₹519,N/A,N/A
ENGLISH CONVERSATION PRACTICE,₹207,4.2,"5,466"
Netzwerk Neu B1 Kursbuch +Ubungsbuch + Glossar ( Set Of...,"₹1,240",4.6,14
SSC English 7600 TCS MCQ Chapter Wise With Detailed Exp...,₹499,4.6,"2,038"
BLOOM CAP Hindi Olympiad Class 1,₹125,4.1,19
Princess,₹199,4.6,"1,531"
Nta UGC Net/Jrf/Set Paper-2 Management,₹519,3.4,15
CBSE New Pattern Hindi B Class 10 for 2021-22 Exam (MCQ...,₹100,4.3,415
Netzwerk Neu A2 Kursbuch+Ubungsbuch+Glossar,"₹1,245",4.3,27
Netzwerk A2 Textbook + Workbook + Glossar (Audio Downlo...,"₹1,066",4.2,35
Unproblem JEE Mechanics 1 JEE Mains & Advanced,₹347,N/A,N/A
Textbook of Electrical Technology: Pt. 2  - AC and DC M...,₹575,4.4,862
Kursbuch + Arbeitsbuch +Glossar,"₹1,048",4.3,27
NCERT Word To Word NEET Biology Q-Bank 2.0 || 2023 Edit...,₹799,4.4,126
Ncert Solutions Accountancy for Class 11th,₹250,4.8,4
NTA CUET UG 2022 Section 2 Domain Commerce,₹201,4.2,127
Beat The Neet Physics Volume 2 For NEET,₹276,4.4,18
151 Nibandh for IAS/Pcs & Other Competitive Exams,₹189,4.3,"1,378"
Guide to trading chart patterns  - Trading chart patter...,₹284,4.3,877
"Combo Pack: Lakhmir Singh Class 9 Science (Biology, Phy...","₹1,100",4.1,195
Success Master IBPS CRP-XII Bank Clerk Preliminary Exam...,₹249,4.2,12
Ncert Practice Workbook Social Science Class 8th,₹150,4.4,14
NCERT Word To Word NEET Biology Q-Bank,₹799,4.5,767
Delhi Police Constable 5000 TCS MCQ Chapter Wise With D...,₹365,4.4,348
"Class 2 Olympiad Champs Combo Science, Mathematics, Eng...","₹1,047",4,5
101 Maze Activities Book,₹233,N/A,N/A
IIT Foundation Physics Class 8,₹349,4.7,117
40 Days Crash Course for JEE Main Physics,₹304,4.2,102
Englishwale.Com  - English Speaking Course Book By Spok...,₹220,4.4,"23,610"
Ncert Textbook Biology 11th And 12th Book,₹420,4.1,20
Principles of Agronomy,₹650,4.5,"1,540"
SSC-JE 2021: Mechanical Engineering Previous Year Objec...,₹807,4.4,447
SSC General Studies 6500 TCS MCQ Chapter Wise English M...,₹499,4.6,"2,354"
SSC English 7600 TCS MCQ Chapter Wise With Detailed Exp...,₹489,4.5,"1,126"
Bank PO Solved Papers English Language Sixth Edition,₹338,4.3,97
Ghalib: A Wilderness at My Doorstep,₹464,5,13
CTET/ TET: Mathematics and Pedagogy (Classes I-V) | 2nd...,₹234,4.3,75
CTET Success Master Social Science Paper 2 for Class 6 ...,₹365,4.2,40
120 RULES OF GRAMMAR - Based On New Pattern - Nimisha B...,₹287,4.2,263
English Grammar And Composition,₹308,4,219
Foundation Course in Chemistry for Jee/ Neet/ Olympiad ...,₹249,4.5,151
All In One Class 9th Mathematics for CBSE Exam�2024,₹260,4.4,198
NCERT Word To Word NEET Biology Q-Bank,₹799,4.5,767
Guide to trading chart patterns  - Trading chart patter...,₹284,4.3,877
Cbse All in One Accountancy Class 11 2022-23 Edition (a...,₹404,4.7,46
All In One Class 9th and 10th Hindi for ICSE Exam 2024,₹268,4.8,10
Olympiad Champs English Class 5 with Past Olympiad Ques...,₹154,4.4,226
Samajik Anusandhan 1st  Edition,₹350,4.3,111
SSC English 7600 TCS MCQ Chapter Wise With Detailed Exp...,₹499,4.6,"2,038"
Englishwale.Com  - English Speaking Course Book By Spok...,₹220,4.4,"23,610"
Foundation Biology Class 9,₹342,4.3,83
30 Practice Sets IBPS Bank Clerk Pre Exam 2022,₹214,4.3,19
CSIR-NET Life Science Exam Handwritten Notes Focused St...,"₹3,429",4.3,6
STARBUK My First Learning Board Book Of All-In-One For ...,₹215,4.2,219
ACCOUNTING & FINANCIAL MANAGEMENT FOR BANKERS(2023),₹787,4.4,75
Nta Cuet Ug 2022 Section 2 Domain Science,₹248,4.1,260
Chemical Engineering GATE 2024,₹582,N/A,N/A
Electronics and Communication Engineering GATE 2024,₹675,4.9,8
The Secret,₹147,4.1,13
Principles Of Indian Geography (English | 1st Edition) ...,₹399,4.6,"2,963"
JEE (Main) Physics Part 2 Third Edition,₹637,N/A,N/A
Cbse Board Exam 2023 I-Succeed 15 Sample Question Paper...,₹154,4.4,238
Science & Technology UPSC Civil Services Exam | Science...,₹440,4.3,24
CGPSC General Studies Notes For Prelims & Mains Exam Pr...,"₹3,049",4.1,12
"Science, Technology, Ecology & Environment Smart Study ...",₹679,4.3,3
15 Years Solved Papers Hotel Management 2022,₹206,4.8,20
Nta UGC Net/Jrf/Set Paper 2 Human Rights Duties 2023,₹379,N/A,N/A
Legal Aptitude & Legal Studies For All Law Entrance Exa...,₹310,4.2,66
Blossom Jumbo Creative Colouring Book For Kids | 3 To 5...,₹152,4.4,"1,808"
Set Of 2: Fundamentals Of Geography & Principles Of Ind...,₹709,4.5,923
Savarkar (Part 2),₹527,4.8,223
Master Guide SSC CGL Combined Graduate Level Tier 1 Exa...,₹459,4.3,12
UPSC CDS – OTA Toppers Notes All Subjects 3 Books (Hind...,"₹1,199",4,26
Delhi Police Constable Computer Knowledge Theory + MCQ ...,₹248,4.6,123
Cracking the CSAT Paper 2 Hindi,₹628,4.3,74
The 5 am Revolution  - Why High Achievers Wake Up Early...,₹233,4.4,"1,370"
Samajik Sarvekshan Avam Anusandhan,₹250,4.3,113
Wbcs (West Bengal Civil Services) 25 Practice Sets Prel...,₹316,4.6,20
Shri Ramcharitmanas (Goswami Tulsidasji Krit-Aathon Kan...,₹760,4.7,225
"Atulneeya Samanya Hindi For SSC GD, IBPS RRB, CTET, DSS...",₹199,4.2,287
Bhartiye Vayu Sena Agniveer Vayu Phase-1 Online Likhit ...,₹267,4.2,48
Nta UGC Net/Jrf/Set Paper 2 Shiksha Shastra,₹519,4.4,9
NCERT Word To Word NEET Biology Q-Bank 2.0 || 2023 Edit...,₹799,4.4,126
NCERT Word To Word NEET Biology Q-Bank,₹799,4.5,767
NTA NEET MEGA Success Package 8th Edition,"₹3,702",N/A,N/A
Cbse All in One Business Studies Class 12 2022-23 (as P...,₹341,4.3,60
Disha's World Year Book 2022,₹142,4.3,95
Socho Aur Amir Bano in Bengali (চিন্তা করুন এবং ধনী হন)...,₹120,4.4,"1,649"
Guide to trading chart patterns  - Trading chart patter...,₹284,4.3,877
SSC English 7600 TCS MCQ Chapter Wise With Detailed Exp...,₹499,4.6,"2,038"
Foundation Science for Iit-Jee/ Neet/ Ntse/ Olympiad Cl...,₹319,4.5,310
NTA CUET UG 2022 Section 2 Domain Humanities,₹236,4.5,86
CSIR-NET Life Science Exam Handwritten Notes Focused St...,"₹3,429",4.3,6
STARBUK My First Learning Board Book Of All-In-One For ...,₹215,4.2,219
Solved Papers Uttar Pradesh Polytechnic for 2021 Exam,₹189,4.2,99
Cbse All in One Rajniti Vigyan Class 12 2022-23 (as Per...,₹231,4.4,49
Chapterwise Topicwise Solved Papers Physics for NEET + ...,₹542,4,8
Miss & Chief My First Early Learning Charts-pack of 10 ...,₹196,4.6,70
SSC GD Constable 70 Practice Sets New Pattern I Hindi M...,₹299,4.4,288
The Secret,₹147,4.1,13
Nta UGC Net/Jrf/Set Paper 2 Bhugol,₹529,3.7,6
Nta UGC Net/Jrf/Set Paper 2 Pustakalay Avam Suchna Vigy...,₹459,N/A,N/A
Principles Of Indian Geography (English | 1st Edition) ...,₹399,4.6,"2,963"
Science & Technology UPSC Civil Services Exam | Science...,₹440,4.3,24
Super 10 Mock Tests for IAS Prelims General Studies Pap...,₹111,4.3,100
Mega Success Package for NEET Biology,"₹1,707",N/A,N/A
Complete Companion for JEE Main 2020 Chemistry Volume 1,₹402,4.4,34
20 Years Gate Civil Engineering Chapter-Wise Solved Pap...,₹248,3.9,73
CGPSC General Studies Notes For Prelims & Mains Exam Pr...,"₹3,049",4.1,12
Set Of 2: Fundamentals Of Geography & Principles Of Ind...,₹709,4.5,923
Cbse All in One Home Science Class 12 (as Per Latest Cb...,₹181,4.1,36
Chapterwise Topicwise Solved Papers Biology for NEET + ...,₹619,4.3,3
UPSC CDS – OTA Toppers Notes All Subjects 3 Books (Hind...,"₹1,199",4,26
Delhi Police Constable Computer Knowledge Theory + MCQ ...,₹248,4.6,123
Nvs Pgt Science Guide,₹375,N/A,N/A
New Pattern NTA JEE Main Quick Guide in Chemistry with ...,₹295,4.5,52
2500 + Vastunisth Samanye Vigyan,₹166,4.1,85
"Phonics book for 3 - 4 years Letter sounds book, A-Z So...",₹175,3.8,19
Shri Ramcharitmanas (Goswami Tulsidasji Krit-Aathon Kan...,₹760,4.7,225
"Atulneeya Samanya Hindi For SSC GD, IBPS RRB, CTET, DSS...",₹199,4.2,287
Kids 1st Activity Book,₹165,4.3,376
Ctet Central Teacher Eligibility Test Paper-2 (Class : ...,₹406,3.9,14
NCERT Word To Word NEET Biology Q-Bank,₹799,4.5,767
Guide to trading chart patterns  - Trading chart patter...,₹284,4.3,877
Combo Ctet Paper 2 Ganit Avum Vigyan - Past 15 Year-Wis...,₹321,N/A,N/A
30 Practice Set Bhartiya Nausena Tradesman Mat Bharti P...,₹210,3.8,5
"Princeton Review AP Chemistry Prep, 2022",₹684,4.7,3
50 Fantastic Ideas for Small World Provocations,₹217,N/A,N/A
Englishwale.Com  - English Speaking Course Book By Spok...,₹220,4.4,"23,610"
CSIR-NET Life Science Exam Handwritten Notes Focused St...,"₹3,429",4.3,6
"2021 Jee Main Online Solved Papers All 26 Sets of Feb, ...",₹364,N/A,N/A
Nta UGC Net/Jrf/Set Paper 2 Jansanchar Avam Patrakarita...,₹409,N/A,N/A
STARBUK My First Learning Board Book Of All-In-One For ...,₹215,4.2,219
The Secret,₹147,4.1,13
All in One Mathematics Class 12,₹404,4.5,133
The L-word,₹192,4.2,14
Haryana Police Constable 2021,₹181,4.2,141
SBI Clerk�Junior Associates Phase 2 Mains Exam Guide 20...,₹299,4.6,11
Principles Of Indian Geography (English | 1st Edition) ...,₹399,4.6,"2,963"
Science & Technology UPSC Civil Services Exam | Science...,₹440,4.3,24
SBI Clerk�Junior Associates Phase 2 Mains Exam Guide 20...,₹347,3.8,13
Solved Papers Bcece Bihar Polytechnic Sanyukt Pravesh P...,₹193,4,88
Blossom Jumbo Creative Colouring Book For Kids | 3 To 5...,₹152,4.4,"1,808"
CGPSC General Studies Notes For Prelims & Mains Exam Pr...,"₹3,049",4.1,12
Pha(bu)llus: A Cultural History,"₹1,283",N/A,N/A
SBI Clerk Junior Associates Preliminary Exam Guide 2021...,₹235,4.1,10
Mainpur Arts Graduate Teacher Exam Guide 2021,₹258,3.7,3
Bcece Bihar Polytechnic Sanyukt Pravesh Pariksha 2022,₹282,4.3,294
Set Of 2: Fundamentals Of Geography & Principles Of Ind...,₹709,4.5,923
UPSC CDS – OTA Toppers Notes All Subjects 3 Books (Hind...,"₹1,199",4,26
"Act for Dummies, with Practice Tests Online",₹467,N/A,N/A
Rsmssb (Rajasthan Adhinastha Evam Mantralayik Seva Chay...,₹469,3.7,43
Delhi Police Constable Computer Knowledge Theory + MCQ ...,₹248,4.6,123
Shri Ramcharitmanas (Goswami Tulsidasji Krit-Aathon Kan...,₹760,4.7,225
My First Aesop's Fable,₹261,4.3,19
My Book of First 1000 Words,₹233,N/A,N/A
Maths Workbook Level 5,₹160,N/A,N/A
Bhartiye Vayu Sena Agniveer Vayu Ganit,₹189,4.7,6
"Atulneeya Samanya Hindi For SSC GD, IBPS RRB, CTET, DSS...",₹199,4.2,287
UGC-NET Paper2 Bhugol(Geography) Study Material In Hind...,"₹1,699",4,10
Territorial Army Officer (Pradeshik Saina) 10 Practice ...,₹173,4.2,16
Cbse All in One Ncert Based Social Science Class 7 2020...,₹218,4.6,340
SSC English 7600 TCS MCQ Chapter Wise With Detailed Exp...,₹499,4.6,"2,038"
Guide to trading chart patterns  - Trading chart patter...,₹284,4.3,877
Delhi Polytechnic Common Entrance Test 2021,₹250,4.1,74
Cracker MPPSC Pre 25 Practice Sets Exam 2022,₹277,4.3,4
Instrumentation Engineering GATE 2024,₹668,N/A,N/A
Computer Science and Information Technology GATE 2024,₹667,N/A,N/A
Netzwerk Neu B1 Kursbuch +Ubungsbuch + Glossar ( Set Of...,"₹1,240",4.6,14
Netzwerk Neu A2 Kursbuch+Ubungsbuch+Glossar,"₹1,245",4.3,27
Indian Army Agniveer Clerk /Skt Common Entrance Exam (C...,₹185,4.1,57
Mechanical Engineering GATE 2024,₹697,3.9,7
Netzwerk A2 Textbook + Workbook + Glossar (Audio Downlo...,"₹1,066",4.2,35
Englishwale.Com  - English Speaking Course Book By Spok...,₹220,4.4,"23,610"
Objective Phy NEET: Class XII with Free Online Assessme...,₹549,4.6,31
Organizational Behaviour,₹830,4.5,357
Civil Engineering GATE 2024,₹949,N/A,N/A
Spirit Catches You and You Fall Down,₹777,N/A,N/A
Kursbuch + Arbeitsbuch +Glossar,"₹1,048",4.3,27
"Combo Pack: Lakhmir Singh Class 9 Science (Biology, Phy...","₹1,100",4.1,195
Cracking The CSAT Paper-2 Hindi,₹510,4.4,93
Atomic Habits,₹220,4.3,645
SSC English 7600 TCS MCQ Chapter Wise With Detailed Exp...,₹489,4.5,"1,126"
SSC General Studies 6500 TCS MCQ Chapter Wise English M...,₹499,4.6,"2,354"
NTA CUET PG B.Ed Guide 2023 Exam,₹275,4.1,26
MTG 36 Years NEET Previous Year Solved Question Papers ...,₹690,N/A,N/A
OFS (Odisha Fire And Emergency Services) Fireman Recrui...,₹485,N/A,N/A
Samundramanthan Of Vocabulary,₹472,4.8,517
120 RULES OF GRAMMAR - Based On New Pattern - Nimisha B...,₹287,4.2,263
English Grammar And Composition,₹308,4,219
The Psychology Of Money - Hindi Edition (Dhan -Sampatti...,₹168,4.1,111
BRAHMASTRA Complete Maths Formula Book,₹131,4.4,"37,754"
For Beginners Understanding: Trading Chart Pattern Book...,₹189,4.1,"1,732"
NCERT Word To Word NEET Biology Q-Bank,₹799,4.5,767
The Psychology Of Money,₹249,4.3,31
Magic Water Book Quick Dry Book Water Coloring Book Wit...,₹104,3.7,77
Technical Analysis Aur Candlesticks Ki Pechan : Trading...,₹240,4,"3,564"
A Competitive Book Of Agriculture (English Language),₹320,4.6,187
SSC General Studies Theory Book Hindi Medium,₹495,4.4,489
Delhi Police Constable Computer Knowledge Theory + MCQ ...,₹248,4.6,123
Rich Dad,₹179,3.4,9
The Psychology Of Money,₹170,4.1,14
NCERT Word To Word NEET Biology Q-Bank,₹799,4.5,767
Guide to trading chart patterns  - Trading chart patter...,₹284,4.3,877
Price Action Trading Hindi Book : Technical Analysis Hi...,₹327,4.3,"1,692"
WBPSC Food SI Book 2023 | WBPSC Food SI Book In Bengali...,₹329,4.4,148
WBPSC Food SI Guidance Guru | WBPSC Food SI Guide Book ...,₹310,4.3,427
The Hidden Hindu 1 + The Hidden Hindu 2 + The Hidden Hi...,₹312,N/A,N/A
SSC English 7600 TCS MCQ Chapter Wise With Detailed Exp...,₹499,4.6,"2,038"
CSIR-NET Life Science Exam Handwritten Notes Focused St...,"₹3,429",4.3,6
It Starts With Us And It Ends With Us Books Combo,₹204,4.3,"3,728"
Hector Garcia's Japanese Secret,₹158,4.2,557
STARBUK My First Learning Board Book Of All-In-One For ...,₹215,4.2,219
The Secret,₹147,4.1,13
Cbse Mathematics Class 9 With Include Mcq Dhanpat Rai P...,₹495,4,603
Chetak Naveen Rajasthan Out Line Blank Map 50 District ...,₹117,4.7,13
Vashista 360 Spoken English Book,₹289,4.3,"19,979"
Phychology Of Money Book Rich Dad,₹215,4.2,"5,721"
Principles Of Indian Geography (English | 1st Edition) ...,₹399,4.6,"2,963"
Science & Technology UPSC Civil Services Exam | Science...,₹440,4.3,24
Ankit Bhati Computer Gyan Delhi Police Special,₹160,4.5,"8,175"
Magic Book,₹150,4,"4,469"
CGPSC General Studies Notes For Prelims & Mains Exam Pr...,"₹3,049",4.1,12
Blossom Jumbo Creative Colouring Book For Kids | 3 To 5...,₹152,4.4,"1,808"
Magic Book,₹138,4,"4,469"
Cooleen's Combo: IT STARTS WITH US + IT ENDS WITH US,₹269,4.3,"1,649"
"Sank Magic Practice Copybook (4 BOOKS,2 PEN,2 GRIP,10 R...",₹133,4,"1,287"
Gulamgiri,₹190,4.5,"1,698"
Set Of 2: Fundamentals Of Geography & Principles Of Ind...,₹709,4.5,923
UPSC CDS – OTA Toppers Notes All Subjects 3 Books (Hind...,"₹1,199",4,26
Static GK (English Version) By Ankit Bhati Sir,₹199,4.4,629
Samanya Gyan By Ankit Bhati Sir,₹175,4.5,"2,510"
Delhi Police Constable Computer Knowledge Theory + MCQ ...,₹248,4.6,123
Shri Ramcharitmanas (Goswami Tulsidasji Krit-Aathon Kan...,₹760,4.7,225
Word Power Made Easy,₹219,4.4,"3,323"
Word Power Made Easy,₹193,4.4,"3,323"
The 48 Laws Of Power,₹215,3.9,"3,414"
For Beginners Understanding: Trading Chart Pattern Book...,₹189,4.1,"1,732"
"Atulneeya Samanya Hindi For SSC GD, IBPS RRB, CTET, DSS...",₹199,4.2,287
UGC-NET Paper2 Bhugol(Geography) Study Material In Hind...,"₹1,699",4,10
WBPSC Food SI Crack Practice Book 2023,₹315,3.6,32
Rich Dad,₹159,3.4,9
