Product Name,Product Price,Product Rating,Product Reviews,Product Delivery Charges
Voguish Men Analog Watches,₹166,4,183,Free
Versatile Men Analog Watches,₹99,4,237,₹82
Trendy Women Analog Watches,₹260,4,5366,Free
Ravishing kids Sports Watches,₹75,3.6,18666,₹82
Stylish Women Analog Watches,₹90,4,8839,₹74
Elite Sports Watches,₹140,3.6,4359,₹99
Classic Analog Watches,₹169,3.8,3414,Free
Fabulous Men Analog Watches,₹162,3.9,3265,Free
Classy Men Analog Watches,₹88,3.9,276,₹80
Latest Women Analog Watches,₹160,3.9,7975,Free
Fancy Women Analog Watches,₹204,4.1,6064,Free
Fancy Smart Watches,₹172,3.8,5226,Free
Fashionate Sports Watches,₹184,3.7,4057,Free
Attractive Women Analog Watches,₹121,3.9,4175,₹74
Watches,₹210,3.9,2862,Free
Versatile Men Analog Watches Smart Watches,₹156,3.5,3421,Free
Fancy Men Analog Watches,₹248,3.9,1182,₹80
Latest Sports Watches,₹186,4,22750,Free
Trendy Men Analog Watches,₹79,3.8,1820,₹80
